city_name,aqi_grid,hour_of_day_local,avg_pm2_5,avg_us_aqi,sample_size
Alexandria,alexandria,0,12.77,58.5,60
Alexandria,alexandria,1,12.79,58.5,60
Alexandria,alexandria,2,12.82,58.5,60
Alexandria,alexandria,3,12.86,58.7,61
Alexandria,alexandria,4,13.3,58.6,61
Alexandria,alexandria,5,13.38,58.6,61
Alexandria,alexandria,6,13.58,58.6,61
Alexandria,alexandria,7,14.08,58.6,61
Alexandria,alexandria,8,14.34,58.6,61
Alexandria,alexandria,9,14.9,58.9,60
Alexandria,alexandria,10,15.15,59.8,60
Alexandria,alexandria,11,15.22,59.9,60
Alexandria,alexandria,12,15.33,59.2,60
Alexandria,alexandria,13,15.11,58.9,60
Alexandria,alexandria,14,14.71,59.0,60
Alexandria,alexandria,15,14.09,58.7,60
Alexandria,alexandria,16,13.39,58.6,60
Alexandria,alexandria,17,12.87,58.6,60
Alexandria,alexandria,18,12.55,58.6,60
Alexandria,alexandria,19,12.5,58.6,60
Alexandria,alexandria,20,12.54,58.6,60
Alexandria,alexandria,21,12.51,58.6,60
Alexandria,alexandria,22,12.74,58.6,60
Alexandria,alexandria,23,12.76,58.6,60
Aswan,aswan,0,51.9,137.8,60
Aswan,aswan,1,58.82,137.8,60
Aswan,aswan,2,63.79,137.8,60
Aswan,aswan,3,68.29,138.4,61
Aswan,aswan,4,69.34,138.6,61
Aswan,aswan,5,69.05,138.8,61
Aswan,aswan,6,67.78,138.9,61
Aswan,aswan,7,65.71,138.8,61
Aswan,aswan,8,62.63,138.9,61
Aswan,aswan,9,61.5,139.3,60
Aswan,aswan,10,57.18,139.2,60
Aswan,aswan,11,49.87,139.1,60
Aswan,aswan,12,44.16,139.0,60
Aswan,aswan,13,40.13,138.9,60
Aswan,aswan,14,37.36,138.7,60
Aswan,aswan,15,32.67,138.5,60
Aswan,aswan,16,31.49,138.4,60
Aswan,aswan,17,31.25,138.3,60
Aswan,aswan,18,31.74,138.2,60
Aswan,aswan,19,33.13,138.1,60
Aswan,aswan,20,33.92,137.8,60
Aswan,aswan,21,35.72,137.8,60
Aswan,aswan,22,39.09,137.8,60
Aswan,aswan,23,44.66,137.7,60
Cairo,cairo_giza,0,16.45,68.7,60
Cairo,cairo_giza,1,16.97,68.6,60
Cairo,cairo_giza,2,17.75,68.7,60
Cairo,cairo_giza,3,18.37,68.7,61
Cairo,cairo_giza,4,19.61,68.7,61
Cairo,cairo_giza,5,20.88,68.7,61
Cairo,cairo_giza,6,22.27,68.7,61
Cairo,cairo_giza,7,23.37,68.7,61
Cairo,cairo_giza,8,23.15,68.7,61
Cairo,cairo_giza,9,21.99,68.7,60
Cairo,cairo_giza,10,20.87,68.7,60
Cairo,cairo_giza,11,20.14,68.7,60
Cairo,cairo_giza,12,20.34,68.8,60
Cairo,cairo_giza,13,20.31,68.6,60
Cairo,cairo_giza,14,19.53,68.5,60
Cairo,cairo_giza,15,18.55,68.7,60
Cairo,cairo_giza,16,17.59,68.7,60
Cairo,cairo_giza,17,16.43,68.6,60
Cairo,cairo_giza,18,15.92,70.4,60
Cairo,cairo_giza,19,16.48,74.0,60
Cairo,cairo_giza,20,17.09,76.0,60
Cairo,cairo_giza,21,16.68,74.5,60
Cairo,cairo_giza,22,16.18,71.6,60
Cairo,cairo_giza,23,16.35,69.2,60
Giza,cairo_giza,0,16.45,68.7,60
Giza,cairo_giza,1,16.97,68.6,60
Giza,cairo_giza,2,17.75,68.7,60
Giza,cairo_giza,3,18.37,68.7,61
Giza,cairo_giza,4,19.61,68.7,61
Giza,cairo_giza,5,20.88,68.7,61
Giza,cairo_giza,6,22.27,68.7,61
Giza,cairo_giza,7,23.37,68.7,61
Giza,cairo_giza,8,23.15,68.7,61
Giza,cairo_giza,9,21.99,68.7,60
Giza,cairo_giza,10,20.87,68.7,60
Giza,cairo_giza,11,20.14,68.7,60
Giza,cairo_giza,12,20.34,68.8,60
Giza,cairo_giza,13,20.31,68.6,60
Giza,cairo_giza,14,19.53,68.5,60
Giza,cairo_giza,15,18.55,68.7,60
Giza,cairo_giza,16,17.59,68.7,60
Giza,cairo_giza,17,16.43,68.6,60
Giza,cairo_giza,18,15.92,70.4,60
Giza,cairo_giza,19,16.48,74.0,60
Giza,cairo_giza,20,17.09,76.0,60
Giza,cairo_giza,21,16.68,74.5,60
Giza,cairo_giza,22,16.18,71.6,60
Giza,cairo_giza,23,16.35,69.2,60
Luxor,luxor,0,78.61,144.3,60
Luxor,luxor,1,78.86,144.4,60
Luxor,luxor,2,76.78,144.4,60
Luxor,luxor,3,75.73,145.3,60
Luxor,luxor,4,72.83,145.2,60
Luxor,luxor,5,69.19,145.1,60
Luxor,luxor,6,65.92,145.0,60
Luxor,luxor,7,63.05,144.8,60
Luxor,luxor,8,59.05,144.6,60
Luxor,luxor,9,53.03,144.4,60
Luxor,luxor,10,42.46,144.0,60
Luxor,luxor,11,34.09,143.5,60
Luxor,luxor,12,29.84,143.5,60
Luxor,luxor,13,28.24,143.4,60
Luxor,luxor,14,28.43,143.4,60
Luxor,luxor,15,27.81,143.4,60
Luxor,luxor,16,30.76,143.5,60
Luxor,luxor,17,34.87,143.7,60
Luxor,luxor,18,39.87,144.0,60
Luxor,luxor,19,44.07,144.1,60
Luxor,luxor,20,49.26,144.1,60
Luxor,luxor,21,57.55,144.2,60
Luxor,luxor,22,66.94,144.3,60
Luxor,luxor,23,74.6,144.3,60
Mansoura,mansoura,0,13.69,57.8,60
Mansoura,mansoura,1,14.31,57.8,60
Mansoura,mansoura,2,14.76,57.9,60
Mansoura,mansoura,3,15.21,57.9,61
Mansoura,mansoura,4,16.12,58.0,61
Mansoura,mansoura,5,17.04,58.1,61
Mansoura,mansoura,6,17.73,58.1,61
Mansoura,mansoura,7,17.16,58.1,61
Mansoura,mansoura,8,15.55,58.1,61
Mansoura,mansoura,9,13.64,58.0,60
Mansoura,mansoura,10,12.96,58.0,60
Mansoura,mansoura,11,12.55,57.9,60
Mansoura,mansoura,12,12.34,58.0,60
Mansoura,mansoura,13,12.1,58.0,60
Mansoura,mansoura,14,11.67,58.0,60
Mansoura,mansoura,15,11.11,57.9,60
Mansoura,mansoura,16,10.89,57.9,60
Mansoura,mansoura,17,10.68,58.2,60
Mansoura,mansoura,18,10.66,59.7,60
Mansoura,mansoura,19,10.63,60.8,60
Mansoura,mansoura,20,11.32,60.7,60
Mansoura,mansoura,21,11.94,59.8,60
Mansoura,mansoura,22,12.43,58.8,60
Mansoura,mansoura,23,13.01,58.1,60
Port Said,port_said,0,11.59,57.6,60
Port Said,port_said,1,11.72,57.2,60
Port Said,port_said,2,11.93,57.3,60
Port Said,port_said,3,12.36,57.5,61
Port Said,port_said,4,13.1,57.5,61
Port Said,port_said,5,13.65,57.4,61
Port Said,port_said,6,14.2,57.3,61
Port Said,port_said,7,14.63,57.3,61
Port Said,port_said,8,14.24,57.2,61
Port Said,port_said,9,13.84,57.3,60
Port Said,port_said,10,13.96,57.3,60
Port Said,port_said,11,14.47,57.3,60
Port Said,port_said,12,14.86,57.3,60
Port Said,port_said,13,14.92,57.4,60
Port Said,port_said,14,14.0,57.4,60
Port Said,port_said,15,12.98,57.5,60
Port Said,port_said,16,12.33,57.7,60
Port Said,port_said,17,11.98,59.3,60
Port Said,port_said,18,11.76,62.2,60
Port Said,port_said,19,11.67,64.6,60
Port Said,port_said,20,11.63,64.9,60
Port Said,port_said,21,11.53,63.5,60
Port Said,port_said,22,11.45,60.9,60
Port Said,port_said,23,11.5,58.8,60
Suez,suez,0,12.96,72.5,60
Suez,suez,1,12.58,64.4,60
Suez,suez,2,12.13,60.7,60
Suez,suez,3,11.76,59.9,61
Suez,suez,4,11.43,59.6,61
Suez,suez,5,11.2,59.7,61
Suez,suez,6,11.26,59.7,61
Suez,suez,7,11.61,59.7,61
Suez,suez,8,12.41,59.7,61
Suez,suez,9,14.49,59.8,60
Suez,suez,10,15.39,59.8,60
Suez,suez,11,16.37,59.8,60
Suez,suez,12,16.92,59.8,60
Suez,suez,13,16.7,59.7,60
Suez,suez,14,16.04,59.7,60
Suez,suez,15,17.45,59.7,60
Suez,suez,16,16.54,63.9,60
Suez,suez,17,15.82,74.5,60
Suez,suez,18,15.22,86.5,60
Suez,suez,19,14.87,95.0,60
Suez,suez,20,14.73,98.0,60
Suez,suez,21,14.49,95.7,60
Suez,suez,22,13.91,89.7,60
Suez,suez,23,13.35,81.4,60
